BORO_NM,FoTC
MANHATTAN,0.23868501718142845
BROOKLYN,0.29875092547437787
QUEENS,0.19815519867029205
BRONX,0.21679928438942708
STATEN ISLAND,0.04760957428447456
